x,y
2.443708609,-0.997145851
1.65211951,0.634486217
2.804895169,-0.789034441
0.069399091,-0.508379826
1.436140019,0.746375484
0.36896878,0.80195448
0.42875454,0.616192027
2.302438429,1.230468135
2.140110477,0.648796016
0.898068178,-1.482256126
0.370342112,0.334262468
2.537278359,-0.114220554
2.317728202,-0.791892684
0.537797174,0.434303196
1.478438673,0.046220177
0.49632252,1.156940091
0.494033631,0.977644002
0.13431196,0.483243216
1.45023957,-0.825700449
0.880947295,-0.320326949
2.688344981,-0.703460674
0.762932218,-1.334453064
1.162938322,-1.513186332
2.250160222,0.999260176
2.150639363,1.037639763
0.391216773,1.602780731
0.058687094,0.078997688
0.741782891,-0.118421527
1.574022645,-0.576656837
1.119083224,-1.053075365
1.800714133,0.182837253
1.979430525,0.767849483
1.749809259,0.14099715
0.087801752,0.003381283
2.919431135,-0.405215506
0.00778222,0.136530309
2.134708701,-0.095510697
1.65376751,0.149076562
1.667775506,0.617905208
0.602343822,0.359011883
0.298654134,0.405862567
2.91851558,-1.086596254
2.804803613,-1.452262989
2.794549394,-0.939193093
2.723227638,-1.548488513
2.2108829,-0.253920007
1.524674215,-0.531852916
0.958128605,-1.56515979
0.916745506,-0.511705544
0.614154485,0.576981554
0.251777703,0.921646021
2.300241096,0.442079236
0.318521683,0.733009106
1.130619221,-1.569136042
2.519333476,-0.219484527
2.099459822,0.402723508
1.957182531,1.472463828
2.580034791,-0.287781017
1.650929289,1.377670404
1.536667989,-0.159602449
0.334727012,0.714796707
1.823236793,-0.052585005
1.463789789,-0.661737617
1.460860012,-0.608373597
2.503311258,-0.948842097
1.406384472,-0.851373469
2.711691641,-1.000940803
2.934446242,-0.676452091
2.804437391,-1.600405863
0.218359935,0.514336156
1.487136448,-0.47622557
1.90151677,1.238060301
2.239082003,0.88948117
0.255806146,1.023269881
2.30179754,-0.153367981
2.823389386,-1.231350542
0.937162389,0.034406773
1.089327677,-1.271498195
2.062288278,1.23452686
2.623432112,-0.063830687
1.695699942,0.683645025
0.124607074,1.449595173
1.662648396,0.554392503
2.788048952,-1.182087656
1.053529466,-0.520329551
0.252235481,0.738906182
1.408948027,-1.44689283
0.963896603,-1.354872614
2.872554704,-0.710293926
0.97973571,-1.144276156
0.998870815,-0.258071201
1.898312326,1.072898823
0.89312418,0.01514409
1.640308847,0.399133647
2.270485549,0.862364389
2.064119388,1.154040039
1.233069857,-1.010123468
1.770592364,0.888252775
2.443159276,0.577148896
2.81469161,-0.684697672
